■,■,■, ,來,訪,者,必,看,的,內,容, ,-, ,使,你,更,快,速,上,手, , ,■,■,■
英,国,脱,欧,成,功
2,5,年,前,的,一,副,扑,克,牌,[,5,6,P,]
一,带,一,撸, ,X,-,A,R,T, ,4,K,影,片,挑,战,你,的,播,放,设,备
微,信,撩,妹,基,础,篇, ,2,3,P
[,兲,朝,浮,世,绘,2,0,1,6,0,6,2,4,], ,救,了,外,国,哥,们,儿,却,饿,死,了,自,家,人
[,D,5,大,生,活,],[,话,说,2,0,1,6,0,6,2,4,],常,言,道,：,我,有,一,朋,友,/,哥,/,姐,/,叔,.,.,.,然,后,开,始,说,这,友,/,哥,/,姐,/,叔,多,么,多,么,牛,逼
小,型,车,祸,求,懂,法,律,的,朋,友,帮,忙,，,内,附,两,码
原,创, ,本,人,开,电,脑,店,四,年,以,来,被,客,户,问,的,问,题,总,结,，,看,完,变,电,脑,高,手,。
传,销,笔,记,之, ,金,钱,诱,惑, ,[,3,5,P,]
[,女,青,年,1,6,0,6,2,4,],咬,人,的,女,人,.
开,帖,细,说,公,务,员,之,三,福,利,篇
一,个,可,以,免,费,爬,墙,的,软,件, ,需,要,的,过,来,围,观,啦
《,南,北,史,》,中,的,一,段,对,话,，,让,你,看,懂,封,建,社,会,的,治,国,之,道,！,如,果,使,用,这,种,管,理,之,术,管,理,一,个,企,业,会,怎,么,样,？
[,图,说,], , , ,英,国,独,立,日,（,0,6,.,2,4,）
[,青,年,图,摘,0,6,2,4,],工,匠,m,a,x
[,懒,吐,槽,], ,俄,罗,斯,美,女,如,云, ,请,注,意,安,全
历,史,如,何,评,价,我,们,所,处,的,时,代
揭,秘,：,哪,些,大,老,虎,曾,被,周, , ,永,康,“,力,保,”,（,转,载,）
表,妹,很,污,，,猪,汉,今,年,笑,得,很,甜,，,浅,谈,把,妹,。,[,1,1,P,]
英,国,为,什,么,要,脱,离,欧,盟,，,我,们,也,来,投,个,票,好,不,好
看,到,大,家,对,国,内,网,络,都,很,不,满,呀, ,三,大,运,营,商,都,混,过,好,久,的,外,线,说,说,实,在,话
汤,不,热,动,图,-,-,有,点,重,不,喜,误,入,-,-,请,翻,墙,[,2,8,P,]
[,内,涵,G,I,F,],现,在,知,道,她,为,什,么,这,么,大,了,吧,[,2,6,P,]
[,微,历,史,2,0,1,6,0,6,2,4,], ,难,怪,他,的,骨,头,那,么,硬
最,美,的,清,真,寺,：,阿,联,酋,阿,布,扎,比,大,清,真,寺,[,3,5,P,]
[,英,国,那,些,事,],脱,欧,喧,嚣,下, ,苏,格,兰,爱,尔,兰,再,被,点,燃,？
推,荐,一,部,年,度,最,污,电,影,+,个,人,使,用,图,床,心,得,[,1,2,P,]
很,嫩,[,5,1,P,]
[,荡,铺,号,外,0,6,2,],博,士,生,带,妻,女,参,加,毕,业,红,毯,秀,，,苏,宁,2,.,7,亿,买,国,米
[,内,涵,G,I,F,],我,就,知,道,你,们,想,要,喂,她,吃,竹,子,[,2,5,P,]
[,懒,吐,槽,], ,失,恋,就,驾,车,撞,桥,车,是,无,辜,的,!
[,新,人,首,帖,],分,享,下,第,一,次,看,蓝,光,资,源,的,经,历
[,拍,案,惊,奇,1,6,0,6,2,4,],姐,快,别,扭,动,了,，,我,的,眼,真,的,受,不,了
黑,暗,和,黑,暗,的,对,话
[,智,者,贱,志,2,0,1,6,0,6,0,2,4,],一,股,蛋,蛋,的,忧,伤,涌,上,胸,口, ,[,1,2,P,]
（,原,创,）,关,于,你,不,知,道,的,淫,妻,，,图,片,文,字,持,续,更,新,中
[,经,典,国,产,合,集,奉,上,第,十,二,季,],最,新,流,出,超,萌,9,0,后,微,博,红,人,兔,牙,喵,喵,喵,视,频, ,国,内,包,厢,里,淫,乱,壮,观,群,交, ,北,京,校,花,和,男,友,分,手,，,爱,爱,视,频,惨,遭,爆,出
[,原,创,], ,我,从,没,想,过,我,能,走,进,性,工,作,者,的,生,活
[,逍,遥,贴,第,2,2,8,期,],人,好,看,，,纹,身,都,好,看
[,微,草,],发,现,假,冒,社,区,.,榴,友,们,小,心,。,还,有,游,客,[,4,P,]
听,到,隔,壁,正,在,嘿,嘿,嘿,你,会,怎,么,做,？,游,客,福,利
女,生,被,口,是,种,什,么,样,的,感,觉,？
[,智,者,贱,志,2,0,1,6,0,6,0,2,2,],再,晒,下,去,要,爆,了, ,[,1,2,P,]
[,拍,案,惊,奇,1,6,0,6,2,3,],这,个,大,脚,开,的,具,有,迷,惑,性
[,佳,片,有,约,],圆,圆,翘,翘,的,屁,股,什,么,的,最,好,看,了,，,美,臀,A,V,推,荐,第,一,期,（,含,磁,力,链,）,.,.,.,.,.,.
[,每,日,一,w,e,n,0,6,2,4,],长,发,清,纯,萌,妹,子,可,爱,美,图,[,1,5,P,]
[,动,图,磁,力,],老,司,机,专,场,有,没,有,你,眼,熟,过,的,车,牌,?,磁,力,整,理,分,享,！,（,一,百,八,十,一,）,[,1,0,P,]
精,选,一,些,内,衣,买,家,秀,",",希,望,大,家,喜,欢,[,5,P,]
《,三,人,行,》,《,树,大,招,风,》,《,德,云,社,2,0,周,年,之,优,酷,会,员,专,场,》,《,2,0,1,6,黄,家,驹,爱,心,延,续,演,唱,》,《,权,力,的,游,戏,0,9,》,《,余,罪,2,季
[,一,种,声,音,],米,塞,斯,：,亚,洲,和,非,洲,落,后,的,根,本,原,因
陆,家,嘴,2,9,秒,视,频,技,术,赏,析
[,A,V,科,普,],常,見,歐,美,成,人,片,用,語,簡,介
[,国,产,尤,物,美,图,共,享,],推,女,郎,第,6,5,期,易,阳,无,圣,光,套,图
给,C,盘,瘦,身,—,—,清,除,Q,Q,在,C,盘,的,a,n,d,r,o,i,d,s,e,r,v,e,r,文,件,夹
[,动,图,磁,力,],老,司,机,专,场,有,没,有,你,眼,熟,过,的,车,牌,?,磁,力,整,理,分,享,！,（,一,百,八,十,三,）,[,1,8,P,]
[,天,使,动,图,第,4,7,期,],意,大,利,国,宝,女,优,+,杂,集,，,不,乏,精,品,[,1,2,2,P,]
创,意,街,拍,：,幽,默,与,讽,刺,的,小,人,国,历,险, ,[,3,5,P,]
[,原,创,],回,忆,若,能,下,酒,，,往,事,便,可,作,一,场,宿,醉,—,—,那,些,年,为,她,写,的,诗
[,智,者,贱,志,2,0,1,6,0,6,0,2,5,],新,鲜,的,苹,果,，,包,甜,！,我,都,试,过,了, ,[,1,2,P,]
给,大,家,提,个,醒,，,关,于,身,边,的,新,骗,局
[,趣,图,],c,h,i,n,a,女,囚,犯,（,部,分,死,囚,）,[,1,0,0,P,]
[,精,品,三,级,第,1,0,季,.,纯,手,工,整,理,],《,蛇,蝎,美,人,.,第,一,季,》,《,2,1,世,纪,性,爱,指,南,》,《,年,轻,母,亲,4,》,《,重,口,味,血,腥,K,3,》,《,邪,恶,的,指,挥,官,》
从,雷,不,死,看,国,人,自,私,的,卑,鄙,思,想
[,懒,吐,槽,], ,当,年,一,冲,动, ,让,她,们,痴,狂,至,今
[,值,得,一,读,],波,兰,荡,妇,居,里,夫,人,鲜,为,人,知,的,孀,居,生,活
[,拍,案,惊,奇,1,6,0,5,3,0,],一,场,没,有,流,血,的,交,通,事,故
分,享,一,个,翻,墙,软,件,（,亲,测,有,效,）,，,外,带,问,一,个,问,题
分,享,几,部,高,清,另,类,大,片,，,大,战,实,体,娃,娃,[,1,1,P,]
[,经,典,国,产,合,集,奉,上,第,十,一,季,],台,湾,脸,书,惊,爆,纯,情,呆,萌,男,和,劈,腿,女,友, ,北,京,嫩,模,高,級,酒,店,伺,候,外,國,大,款, ,厦,门,大,学,校,花,和,男,友,酒,店,打,炮,精,彩,自,拍
[,精,品,三,级,合,集,第,9,季,],《,禁,忌,：,新,的,姐,姐,》,《,应,召,女,友,.,第,1,季,》,《,无,法,隐,藏,的,本,能,》,《,后,宫,：,帝,王,之,妾,-,蓝,光,版,》,《,美,味,空,姐,》
[,原,创,连,载,],趁,着,单,身,，,写,下,我,的,那,些,过,往,男,人,，,记,录,一,个,女,人,的,性,爱,之,路,。,（,更,新,图,1,P,）,-,-,臭,味,相,投,男,（,6,2,4,晨,更,新,已,婚,男,在,1,0,8,2,楼,）
[,一,纳,2,0,1,6,0,6,2,3,],北,京,教,育,官,员,回,应,毒,跑,道,致,学,生,流,鼻,血,：,小,孩,火,气,大
[,懒,吐,槽,], ,绑,架,我,儿,子,您,快,趁,热,吞,了,吧
聊,天,中,真,正,的,“,吸,引,”,女,生,的,核,心,点,是,什,么
[,封,面,鉴,赏,],老,司,机,系,列,之,封,面,鉴,赏,分,享,磁,力,(,十,),[,1,0,P,]
原,来,近,视,眼,的,世,界,这,么,美,！
[,皇,族,娱,乐,第,2,0,8,期,],胖,瘦,都,齐,了,，,选,老,婆,应,该,选,哪,一,个,？
[,动,图,磁,力,],老,司,机,专,场,有,没,有,你,眼,熟,过,的,车,牌,?,磁,力,整,理,分,享,！,（,一,百,八,十,二,）,[,1,0,P,]
[,青,年,图,摘,0,6,0,7,],冬,奥,会,的,运,动,项,目,，,好,像,没,什,么,不,对
[,非,原,创,],6,9,个,满,满,的,负,能,量,小,段,子,，,竟,把,我,治,愈,了,…,…
说,好,的,3,0,而,立,呢,？,小,结,更,新,~,！
[,经,典,国,产,合,集,奉,上,第,十,季,],9,0,后,女,孩,流,出,3,P,视,频,图,片, ,国,内,聚,会,淫,乱,现,场,实,拍, ,售,楼,美,女,销,售,陪,客,户,上,床, ,极,品,混,血,女,神,性,爱,2,2,部
[,襄,阳,胡,秋,林,2,0,1,6,0,6,1,2,],被,强,迫,症,害,死,了,！
[,t,u,m,b,l,r,国,产,视,频,合,集,], ,打,飞,机,利,器, ,方,便,快,捷, ,无,需,下,载, ,另,有,良,心,福,利,账,号,（,1,7,V,）, ,今,晚,更,新,2,码,福,利,游,客
[,糗,大,了,0,6,2,4,],哥,，,你,这,秃,顶,杂,染,啊,，,我,们,没,弄,过,这,种,[,1,0,P,]
[,游,客,原,创,投,稿,],人,丑,就,要,多,读,书,，,我,的,读,书,故,事,，,资,源,链,接,已,更,新,[,结,尾,有,福,利,]
■
■
■
 
來
訪
者
必
看
的
內
容
 
-
 
使
你
更
快
速
上
手
 
 
■
■
■
英
国
脱
欧
成
功
2
5
年
前
的
一
副
扑
克
牌
[
5
6
P
]
一
带
一
撸
 
X
-
A
R
T
 
4
K
影
片
挑
战
你
的
播
放
设
备
微
信
撩
妹
基
础
篇
 
2
3
P
[
兲
朝
浮
世
绘
2
0
1
6
0
6
2
4
]
 
救
了
外
国
哥
们
儿
却
饿
死
了
自
家
人
[
D
5
大
生
活
]
[
话
说
2
0
1
6
0
6
2
4
]
常
言
道
：
我
有
一
朋
友
/
哥
/
姐
/
叔
.
.
.
然
后
开
始
说
这
友
/
哥
/
姐
/
叔
多
么
多
么
牛
逼
小
型
车
祸
求
懂
法
律
的
朋
友
帮
忙
，
内
附
两
码
原
创
 
本
人
开
电
脑
店
四
年
以
来
被
客
户
问
的
问
题
总
结
，
看
完
变
电
脑
高
手
。
传
销
笔
记
之
 
金
钱
诱
惑
 
[
3
5
P
]
[
女
青
年
1
6
0
6
2
4
]
咬
人
的
女
人
.
开
帖
细
说
公
务
员
之
三
福
利
篇
一
个
可
以
免
费
爬
墙
的
软
件
 
需
要
的
过
来
围
观
啦
《
南
北
史
》
中
的
一
段
对
话
，
让
你
看
懂
封
建
社
会
的
治
国
之
道
！
如
果
使
用
这
种
管
理
之
术
管
理
一
个
企
业
会
怎
么
样
？
[
图
说
]
 
 
 
英
国
独
立
日
（
0
6
.
2
4
）
[
青
年
图
摘
0
6
2
4
]
工
匠
m
a
x
[
懒
吐
槽
]
 
俄
罗
斯
美
女
如
云
 
请
注
意
安
全
历
史
如
何
评
价
我
们
所
处
的
时
代
揭
秘
：
哪
些
大
老
虎
曾
被
周
 
 
永
康
“
力
保
”
（
转
载
）
表
妹
很
污
，
猪
汉
今
年
笑
得
很
甜
，
浅
谈
把
妹
。
[
1
1
P
]
英
国
为
什
么
要
脱
离
欧
盟
，
我
们
也
来
投
个
票
好
不
好
看
到
大
家
对
国
内
网
络
都
很
不
满
呀
 
三
大
运
营
商
都
混
过
好
久
的
外
线
说
说
实
在
话
汤
不
热
动
图
-
-
有
点
重
不
喜
误
入
-
-
请
翻
墙
[
2
8
P
]
[
内
涵
G
I
F
]
现
在
知
道
她
为
什
么
这
么
大
了
吧
[
2
6
P
]
[
微
历
史
2
0
1
6
0
6
2
4
]
 
难
怪
他
的
骨
头
那
么
硬
最
美
的
清
真
寺
：
阿
联
酋
阿
布
扎
比
大
清
真
寺
[
3
5
P
]
[
英
国
那
些
事
]
脱
欧
喧
嚣
下
 
苏
格
兰
爱
尔
兰
再
被
点
燃
？
推
荐
一
部
年
度
最
污
电
影
+
个
人
使
用
图
床
心
得
[
1
2
P
]
很
嫩
[
5
1
P
]
[
荡
铺
号
外
0
6
2
]
博
士
生
带
妻
女
参
加
毕
业
红
毯
秀
，
苏
宁
2
.
7
亿
买
国
米
[
内
涵
G
I
F
]
我
就
知
道
你
们
想
要
喂
她
吃
竹
子
[
2
5
P
]
[
懒
吐
槽
]
 
失
恋
就
驾
车
撞
桥
车
是
无
辜
的
!
[
新
人
首
帖
]
分
享
下
第
一
次
看
蓝
光
资
源
的
经
历
[
拍
案
惊
奇
1
6
0
6
2
4
]
姐
快
别
扭
动
了
，
我
的
眼
真
的
受
不
了
黑
暗
和
黑
暗
的
对
话
[
智
者
贱
志
2
0
1
6
0
6
0
2
4
]
一
股
蛋
蛋
的
忧
伤
涌
上
胸
口
 
[
1
2
P
]
（
原
创
）
关
于
你
不
知
道
的
淫
妻
，
图
片
文
字
持
续
更
新
中
[
经
典
国
产
合
集
奉
上
第
十
二
季
]
最
新
流
出
超
萌
9
0
后
微
博
红
人
兔
牙
喵
喵
喵
视
频
 
国
内
包
厢
里
淫
乱
壮
观
群
交
 
北
京
校
花
和
男
友
分
手
，
爱
爱
视
频
惨
遭
爆
出
[
原
创
]
 
我
从
没
想
过
我
能
走
进
性
工
作
者
的
生
活
[
逍
遥
贴
第
2
2
8
期
]
人
好
看
，
纹
身
都
好
看
[
微
草
]
发
现
假
冒
社
区
.
榴
友
们
小
心
。
还
有
游
客
[
4
P
]
听
到
隔
壁
正
在
嘿
嘿
嘿
你
会
怎
么
做
？
游
客
福
利
女
生
被
口
是
种
什
么
样
的
感
觉
？
[
智
者
贱
志
2
0
1
6
0
6
0
2
2
]
再
晒
下
去
要
爆
了
 
[
1
2
P
]
[
拍
案
惊
奇
1
6
0
6
2
3
]
这
个
大
脚
开
的
具
有
迷
惑
性
[
佳
片
有
约
]
圆
圆
翘
翘
的
屁
股
什
么
的
最
好
看
了
，
美
臀
A
V
推
荐
第
一
期
（
含
磁
力
链
）
.
.
.
.
.
.
[
每
日
一
w
e
n
0
6
2
4
]
长
发
清
纯
萌
妹
子
可
爱
美
图
[
1
5
P
]
[
动
图
磁
力
]
老
司
机
专
场
有
没
有
你
眼
熟
过
的
车
牌
?
磁
力
整
理
分
享
！
（
一
百
八
十
一
）
[
1
0
P
]
精
选
一
些
内
衣
买
家
秀
","
希
望
大
家
喜
欢
[
5
P
]
《
三
人
行
》
《
树
大
招
风
》
《
德
云
社
2
0
周
年
之
优
酷
会
员
专
场
》
《
2
0
1
6
黄
家
驹
爱
心
延
续
演
唱
》
《
权
力
的
游
戏
0
9
》
《
余
罪
2
季
[
一
种
声
音
]
米
塞
斯
：
亚
洲
和
非
洲
落
后
的
根
本
原
因
陆
家
嘴
2
9
秒
视
频
技
术
赏
析
[
A
V
科
普
]
常
見
歐
美
成
人
片
用
語
簡
介
[
国
产
尤
物
美
图
共
享
]
推
女
郎
第
6
5
期
易
阳
无
圣
光
套
图
给
C
盘
瘦
身
—
—
清
除
Q
Q
在
C
盘
的
a
n
d
r
o
i
d
s
e
r
v
e
r
文
件
夹
[
动
图
磁
力
]
老
司
机
专
场
有
没
有
你
眼
熟
过
的
车
牌
?
磁
力
整
理
分
享
！
（
一
百
八
十
三
）
[
1
8
P
]
[
天
使
动
图
第
4
7
期
]
意
大
利
国
宝
女
优
+
杂
集
，
不
乏
精
品
[
1
2
2
P
]
创
意
街
拍
：
幽
默
与
讽
刺
的
小
人
国
历
险
 
[
3
5
P
]
[
原
创
]
回
忆
若
能
下
酒
，
往
事
便
可
作
一
场
宿
醉
—
—
那
些
年
为
她
写
的
诗
[
智
者
贱
志
2
0
1
6
0
6
0
2
5
]
新
鲜
的
苹
果
，
包
甜
！
我
都
试
过
了
 
[
1
2
P
]
给
大
家
提
个
醒
，
关
于
身
边
的
新
骗
局
[
趣
图
]
c
h
i
n
a
女
囚
犯
（
部
分
死
囚
）
[
1
0
0
P
]
[
精
品
三
级
第
1
0
季
.
纯
手
工
整
理
]
《
蛇
蝎
美
人
.
第
一
季
》
《
2
1
世
纪
性
爱
指
南
》
《
年
轻
母
亲
4
》
《
重
口
味
血
腥
K
3
》
《
邪
恶
的
指
挥
官
》
从
雷
不
死
看
国
人
自
私
的
卑
鄙
思
想
[
懒
吐
槽
]
 
当
年
一
冲
动
 
让
她
们
痴
狂
至
今
[
值
得
一
读
]
波
兰
荡
妇
居
里
夫
人
鲜
为
人
知
的
孀
居
生
活
[
拍
案
惊
奇
1
6
0
5
3
0
]
一
场
没
有
流
血
的
交
通
事
故
分
享
一
个
翻
墙
软
件
（
亲
测
有
效
）
，
外
带
问
一
个
问
题
分
享
几
部
高
清
另
类
大
片
，
大
战
实
体
娃
娃
[
1
1
P
]
[
经
典
国
产
合
集
奉
上
第
十
一
季
]
台
湾
脸
书
惊
爆
纯
情
呆
萌
男
和
劈
腿
女
友
 
北
京
嫩
模
高
級
酒
店
伺
候
外
國
大
款
 
厦
门
大
学
校
花
和
男
友
酒
店
打
炮
精
彩
自
拍
[
精
品
三
级
合
集
第
9
季
]
《
禁
忌
：
新
的
姐
姐
》
《
应
召
女
友
.
第
1
季
》
《
无
法
隐
藏
的
本
能
》
《
后
宫
：
帝
王
之
妾
-
蓝
光
版
》
《
美
味
空
姐
》
[
原
创
连
载
]
趁
着
单
身
，
写
下
我
的
那
些
过
往
男
人
，
记
录
一
个
女
人
的
性
爱
之
路
。
（
更
新
图
1
P
）
-
-
臭
味
相
投
男
（
6
2
4
晨
更
新
已
婚
男
在
1
0
8
2
楼
）
[
一
纳
2
0
1
6
0
6
2
3
]
北
京
教
育
官
员
回
应
毒
跑
道
致
学
生
流
鼻
血
：
小
孩
火
气
大
[
懒
吐
槽
]
 
绑
架
我
儿
子
您
快
趁
热
吞
了
吧
聊
天
中
真
正
的
“
吸
引
”
女
生
的
核
心
点
是
什
么
[
封
面
鉴
赏
]
老
司
机
系
列
之
封
面
鉴
赏
分
享
磁
力
(
十
)
[
1
0
P
]
原
来
近
视
眼
的
世
界
这
么
美
！
[
皇
族
娱
乐
第
2
0
8
期
]
胖
瘦
都
齐
了
，
选
老
婆
应
该
选
哪
一
个
？
[
动
图
磁
力
]
老
司
机
专
场
有
没
有
你
眼
熟
过
的
车
牌
?
磁
力
整
理
分
享
！
（
一
百
八
十
二
）
[
1
0
P
]
[
青
年
图
摘
0
6
0
7
]
冬
奥
会
的
运
动
项
目
，
好
像
没
什
么
不
对
[
非
原
创
]
6
9
个
满
满
的
负
能
量
小
段
子
，
竟
把
我
治
愈
了
…
…
说
好
的
3
0
而
立
呢
？
小
结
更
新
~
！
[
经
典
国
产
合
集
奉
上
第
十
季
]
9
0
后
女
孩
流
出
3
P
视
频
图
片
 
国
内
聚
会
淫
乱
现
场
实
拍
 
售
楼
美
女
销
售
陪
客
户
上
床
 
极
品
混
血
女
神
性
爱
2
2
部
[
襄
阳
胡
秋
林
2
0
1
6
0
6
1
2
]
被
强
迫
症
害
死
了
！
[
t
u
m
b
l
r
国
产
视
频
合
集
]
 
打
飞
机
利
器
 
方
便
快
捷
 
无
需
下
载
 
另
有
良
心
福
利
账
号
（
1
7
V
）
 
今
晚
更
新
2
码
福
利
游
客
[
糗
大
了
0
6
2
4
]
哥
，
你
这
秃
顶
杂
染
啊
，
我
们
没
弄
过
这
种
[
1
0
P
]
[
游
客
原
创
投
稿
]
人
丑
就
要
多
读
书
，
我
的
读
书
故
事
，
资
源
链
接
已
更
新
[
结
尾
有
福
利
]
■,■,■, ,來,訪,者,必,看,的,內,容, ,-, ,使,你,更,快,速,上,手, , ,■,■,■
英,国,脱,欧,成,功
2,5,年,前,的,一,副,扑,克,牌,[,5,6,P,]
一,带,一,撸, ,X,-,A,R,T, ,4,K,影,片,挑,战,你,的,播,放,设,备
微,信,撩,妹,基,础,篇, ,2,3,P
[,兲,朝,浮,世,绘,2,0,1,6,0,6,2,4,], ,救,了,外,国,哥,们,儿,却,饿,死,了,自,家,人
[,D,5,大,生,活,],[,话,说,2,0,1,6,0,6,2,4,],常,言,道,：,我,有,一,朋,友,/,哥,/,姐,/,叔,.,.,.,然,后,开,始,说,这,友,/,哥,/,姐,/,叔,多,么,多,么,牛,逼
小,型,车,祸,求,懂,法,律,的,朋,友,帮,忙,，,内,附,两,码
原,创, ,本,人,开,电,脑,店,四,年,以,来,被,客,户,问,的,问,题,总,结,，,看,完,变,电,脑,高,手,。
传,销,笔,记,之, ,金,钱,诱,惑, ,[,3,5,P,]
[,女,青,年,1,6,0,6,2,4,],咬,人,的,女,人,.
开,帖,细,说,公,务,员,之,三,福,利,篇
一,个,可,以,免,费,爬,墙,的,软,件, ,需,要,的,过,来,围,观,啦
《,南,北,史,》,中,的,一,段,对,话,，,让,你,看,懂,封,建,社,会,的,治,国,之,道,！,如,果,使,用,这,种,管,理,之,术,管,理,一,个,企,业,会,怎,么,样,？
[,图,说,], , , ,英,国,独,立,日,（,0,6,.,2,4,）
[,青,年,图,摘,0,6,2,4,],工,匠,m,a,x
[,懒,吐,槽,], ,俄,罗,斯,美,女,如,云, ,请,注,意,安,全
历,史,如,何,评,价,我,们,所,处,的,时,代
揭,秘,：,哪,些,大,老,虎,曾,被,周, , ,永,康,“,力,保,”,（,转,载,）
表,妹,很,污,，,猪,汉,今,年,笑,得,很,甜,，,浅,谈,把,妹,。,[,1,1,P,]
英,国,为,什,么,要,脱,离,欧,盟,，,我,们,也,来,投,个,票,好,不,好
看,到,大,家,对,国,内,网,络,都,很,不,满,呀, ,三,大,运,营,商,都,混,过,好,久,的,外,线,说,说,实,在,话
汤,不,热,动,图,-,-,有,点,重,不,喜,误,入,-,-,请,翻,墙,[,2,8,P,]
[,内,涵,G,I,F,],现,在,知,道,她,为,什,么,这,么,大,了,吧,[,2,6,P,]
[,微,历,史,2,0,1,6,0,6,2,4,], ,难,怪,他,的,骨,头,那,么,硬
最,美,的,清,真,寺,：,阿,联,酋,阿,布,扎,比,大,清,真,寺,[,3,5,P,]
[,英,国,那,些,事,],脱,欧,喧,嚣,下, ,苏,格,兰,爱,尔,兰,再,被,点,燃,？
推,荐,一,部,年,度,最,污,电,影,+,个,人,使,用,图,床,心,得,[,1,2,P,]
很,嫩,[,5,1,P,]
[,荡,铺,号,外,0,6,2,],博,士,生,带,妻,女,参,加,毕,业,红,毯,秀,，,苏,宁,2,.,7,亿,买,国,米
[,内,涵,G,I,F,],我,就,知,道,你,们,想,要,喂,她,吃,竹,子,[,2,5,P,]
[,懒,吐,槽,], ,失,恋,就,驾,车,撞,桥,车,是,无,辜,的,!
[,新,人,首,帖,],分,享,下,第,一,次,看,蓝,光,资,源,的,经,历
[,拍,案,惊,奇,1,6,0,6,2,4,],姐,快,别,扭,动,了,，,我,的,眼,真,的,受,不,了
黑,暗,和,黑,暗,的,对,话
[,智,者,贱,志,2,0,1,6,0,6,0,2,4,],一,股,蛋,蛋,的,忧,伤,涌,上,胸,口, ,[,1,2,P,]
（,原,创,）,关,于,你,不,知,道,的,淫,妻,，,图,片,文,字,持,续,更,新,中
[,经,典,国,产,合,集,奉,上,第,十,二,季,],最,新,流,出,超,萌,9,0,后,微,博,红,人,兔,牙,喵,喵,喵,视,频, ,国,内,包,厢,里,淫,乱,壮,观,群,交, ,北,京,校,花,和,男,友,分,手,，,爱,爱,视,频,惨,遭,爆,出
[,原,创,], ,我,从,没,想,过,我,能,走,进,性,工,作,者,的,生,活
[,逍,遥,贴,第,2,2,8,期,],人,好,看,，,纹,身,都,好,看
[,微,草,],发,现,假,冒,社,区,.,榴,友,们,小,心,。,还,有,游,客,[,4,P,]
听,到,隔,壁,正,在,嘿,嘿,嘿,你,会,怎,么,做,？,游,客,福,利
女,生,被,口,是,种,什,么,样,的,感,觉,？
[,智,者,贱,志,2,0,1,6,0,6,0,2,2,],再,晒,下,去,要,爆,了, ,[,1,2,P,]
[,拍,案,惊,奇,1,6,0,6,2,3,],这,个,大,脚,开,的,具,有,迷,惑,性
[,佳,片,有,约,],圆,圆,翘,翘,的,屁,股,什,么,的,最,好,看,了,，,美,臀,A,V,推,荐,第,一,期,（,含,磁,力,链,）,.,.,.,.,.,.
[,每,日,一,w,e,n,0,6,2,4,],长,发,清,纯,萌,妹,子,可,爱,美,图,[,1,5,P,]
[,动,图,磁,力,],老,司,机,专,场,有,没,有,你,眼,熟,过,的,车,牌,?,磁,力,整,理,分,享,！,（,一,百,八,十,一,）,[,1,0,P,]
精,选,一,些,内,衣,买,家,秀,",",希,望,大,家,喜,欢,[,5,P,]
《,三,人,行,》,《,树,大,招,风,》,《,德,云,社,2,0,周,年,之,优,酷,会,员,专,场,》,《,2,0,1,6,黄,家,驹,爱,心,延,续,演,唱,》,《,权,力,的,游,戏,0,9,》,《,余,罪,2,季
[,一,种,声,音,],米,塞,斯,：,亚,洲,和,非,洲,落,后,的,根,本,原,因
陆,家,嘴,2,9,秒,视,频,技,术,赏,析
[,A,V,科,普,],常,見,歐,美,成,人,片,用,語,簡,介
[,国,产,尤,物,美,图,共,享,],推,女,郎,第,6,5,期,易,阳,无,圣,光,套,图
给,C,盘,瘦,身,—,—,清,除,Q,Q,在,C,盘,的,a,n,d,r,o,i,d,s,e,r,v,e,r,文,件,夹
[,动,图,磁,力,],老,司,机,专,场,有,没,有,你,眼,熟,过,的,车,牌,?,磁,力,整,理,分,享,！,（,一,百,八,十,三,）,[,1,8,P,]
[,天,使,动,图,第,4,7,期,],意,大,利,国,宝,女,优,+,杂,集,，,不,乏,精,品,[,1,2,2,P,]
创,意,街,拍,：,幽,默,与,讽,刺,的,小,人,国,历,险, ,[,3,5,P,]
[,原,创,],回,忆,若,能,下,酒,，,往,事,便,可,作,一,场,宿,醉,—,—,那,些,年,为,她,写,的,诗
[,智,者,贱,志,2,0,1,6,0,6,0,2,5,],新,鲜,的,苹,果,，,包,甜,！,我,都,试,过,了, ,[,1,2,P,]
给,大,家,提,个,醒,，,关,于,身,边,的,新,骗,局
[,趣,图,],c,h,i,n,a,女,囚,犯,（,部,分,死,囚,）,[,1,0,0,P,]
[,精,品,三,级,第,1,0,季,.,纯,手,工,整,理,],《,蛇,蝎,美,人,.,第,一,季,》,《,2,1,世,纪,性,爱,指,南,》,《,年,轻,母,亲,4,》,《,重,口,味,血,腥,K,3,》,《,邪,恶,的,指,挥,官,》
从,雷,不,死,看,国,人,自,私,的,卑,鄙,思,想
[,懒,吐,槽,], ,当,年,一,冲,动, ,让,她,们,痴,狂,至,今
[,值,得,一,读,],波,兰,荡,妇,居,里,夫,人,鲜,为,人,知,的,孀,居,生,活
[,拍,案,惊,奇,1,6,0,5,3,0,],一,场,没,有,流,血,的,交,通,事,故
分,享,一,个,翻,墙,软,件,（,亲,测,有,效,）,，,外,带,问,一,个,问,题
分,享,几,部,高,清,另,类,大,片,，,大,战,实,体,娃,娃,[,1,1,P,]
[,经,典,国,产,合,集,奉,上,第,十,一,季,],台,湾,脸,书,惊,爆,纯,情,呆,萌,男,和,劈,腿,女,友, ,北,京,嫩,模,高,級,酒,店,伺,候,外,國,大,款, ,厦,门,大,学,校,花,和,男,友,酒,店,打,炮,精,彩,自,拍
[,精,品,三,级,合,集,第,9,季,],《,禁,忌,：,新,的,姐,姐,》,《,应,召,女,友,.,第,1,季,》,《,无,法,隐,藏,的,本,能,》,《,后,宫,：,帝,王,之,妾,-,蓝,光,版,》,《,美,味,空,姐,》
[,原,创,连,载,],趁,着,单,身,，,写,下,我,的,那,些,过,往,男,人,，,记,录,一,个,女,人,的,性,爱,之,路,。,（,更,新,图,1,P,）,-,-,臭,味,相,投,男,（,6,2,4,晨,更,新,已,婚,男,在,1,0,8,2,楼,）
[,一,纳,2,0,1,6,0,6,2,3,],北,京,教,育,官,员,回,应,毒,跑,道,致,学,生,流,鼻,血,：,小,孩,火,气,大
[,懒,吐,槽,], ,绑,架,我,儿,子,您,快,趁,热,吞,了,吧
聊,天,中,真,正,的,“,吸,引,”,女,生,的,核,心,点,是,什,么
[,封,面,鉴,赏,],老,司,机,系,列,之,封,面,鉴,赏,分,享,磁,力,(,十,),[,1,0,P,]
原,来,近,视,眼,的,世,界,这,么,美,！
[,皇,族,娱,乐,第,2,0,8,期,],胖,瘦,都,齐,了,，,选,老,婆,应,该,选,哪,一,个,？
[,动,图,磁,力,],老,司,机,专,场,有,没,有,你,眼,熟,过,的,车,牌,?,磁,力,整,理,分,享,！,（,一,百,八,十,二,）,[,1,0,P,]
[,青,年,图,摘,0,6,0,7,],冬,奥,会,的,运,动,项,目,，,好,像,没,什,么,不,对
[,非,原,创,],6,9,个,满,满,的,负,能,量,小,段,子,，,竟,把,我,治,愈,了,…,…
说,好,的,3,0,而,立,呢,？,小,结,更,新,~,！
[,经,典,国,产,合,集,奉,上,第,十,季,],9,0,后,女,孩,流,出,3,P,视,频,图,片, ,国,内,聚,会,淫,乱,现,场,实,拍, ,售,楼,美,女,销,售,陪,客,户,上,床, ,极,品,混,血,女,神,性,爱,2,2,部
[,襄,阳,胡,秋,林,2,0,1,6,0,6,1,2,],被,强,迫,症,害,死,了,！
[,t,u,m,b,l,r,国,产,视,频,合,集,], ,打,飞,机,利,器, ,方,便,快,捷, ,无,需,下,载, ,另,有,良,心,福,利,账,号,（,1,7,V,）, ,今,晚,更,新,2,码,福,利,游,客
[,糗,大,了,0,6,2,4,],哥,，,你,这,秃,顶,杂,染,啊,，,我,们,没,弄,过,这,种,[,1,0,P,]
[,游,客,原,创,投,稿,],人,丑,就,要,多,读,书,，,我,的,读,书,故,事,，,资,源,链,接,已,更,新,[,结,尾,有,福,利,]
